date,weight_lb
2024-12-28,185.0
2025-01-04,183.3
2025-01-07,181.2
2025-01-14,180.8
2025-01-16,180.4
2025-01-21,181.2
2025-01-22,180.0
2025-01-28,180.6
2025-01-29,179.6
2025-01-30,179.2
2025-01-31,179.4
2025-02-01,178.6
2025-02-02,180.0
2025-02-03,179.8
2025-02-04,179.0
2025-02-06,178.2
2025-02-07,178.0
2025-02-08,178.8
2025-02-09,178.2
2025-02-10,179.4
2025-02-11,178.6
2025-02-12,178.0
2025-02-17,177.4
2025-02-18,176.6
2025-02-19,176.6
2025-02-20,176.0
2025-02-21,176.6
2025-02-22,177.6
2025-02-23,176.0
2025-02-24,175.2
2025-02-25,175.0
2025-02-26,175.0
2025-02-27,174.8
2025-02-28,174.0
2025-03-01,173.8
2025-03-02,174.4
2025-03-03,174.2
2025-03-14,175.2
2025-03-15,174.8
2025-03-16,174.0
2025-03-17,173.8
2025-03-18,173.0
2025-03-19,173.0
2025-03-21,172.0
2025-03-22,171.4
2025-03-23,172.6
2025-03-24,173.0
2025-03-25,172.4
2025-03-26,172.6
2025-03-27,173.0
2025-03-28,172.2
2025-03-29,172.8
2025-03-30,172.0
2025-03-31,171.8
2025-04-01,170.4
2025-04-02,170.4
2025-04-03,170.0
2025-04-04,170.2
2025-04-05,173.6
2025-04-06,171.6
2025-04-07,171.6
2025-04-08,169.4
2025-04-09,170.0
2025-04-10,169.4
2025-04-11,168.8
2025-04-12,170.6
2025-04-13,169.8
2025-04-14,166.8
2025-04-15,166.8
2025-04-16,166.2
2025-04-17,169.0
2025-04-18,168.2
2025-04-20,168.2
2025-04-21,166.8
2025-04-22,166.4
2025-04-23,166.2
2025-05-02,168.4
2025-05-03,169.4
2025-05-05,169.8
2025-05-06,172.0
2025-05-07,171.2
2025-05-08,170.6
2025-05-09,170.8
2025-05-10,169.8
2025-05-11,167.6
2025-05-12,167.2
2025-05-13,166.4
2025-05-15,167.8
2025-05-16,167.0
2025-05-17,168.6
2025-05-18,168.8
2025-05-19,167.6
2025-05-31,167.8
2025-06-01,167.6
2025-06-02,169.8
2025-06-03,170.0
2025-06-04,169.2
2025-06-05,168.0
2025-06-06,169.4
2025-06-07,167.8
2025-06-09,169.0
2025-06-10,168.8
2025-06-11,167.8
2025-06-12,166.4
2025-06-13,166.2
2025-06-16,169.8
2025-06-17,166.4
2025-06-18,165.6
2025-06-19,164.6
2025-06-20,165.4
2025-06-21,165.6
2025-06-22,164.2
2025-06-23,164.8
2025-06-24,164.0
2025-06-25,164.0
2025-06-26,165.0
2025-06-28,166.6
2025-06-30,167.2
2025-07-01,165.0
2025-07-03,164.2
2025-07-08,167.2
2025-07-10,166.8
2025-07-12,165.6
2025-07-13,166.4
2025-07-18,167.2
2025-07-20,165.6
2025-07-21,166.0
2025-07-23,164.8
2025-07-24,164.8
2025-07-27,168.2
2025-07-28,166.8
2025-07-29,166.0
2025-08-03,169.0
2025-08-04,166.8
2025-08-05,166.6
2025-08-07,168.8
2025-08-08,166.8
2025-08-09,164.2
2025-08-10,164.2
2025-08-11,164.6
2025-08-15,169.4
2025-08-16,166.8
2025-08-17,166.8
2025-08-21,169.0
2025-08-22,166.6
2025-08-23,167.4
2025-08-27,167.4
2025-08-28,167.0
2025-08-29,167.4
2025-08-30,167.4
2025-08-31,168.4
2025-09-02,167.6
2025-09-03,167.2
2025-09-04,167.6
2025-09-13,170.0
2025-09-16,171.8
2025-09-17,170.4
2025-09-18,168.8
2025-09-19,169.4
2025-09-22,172.0
2025-09-23,170.4
2025-09-24,169.8
2025-09-25,169.8
2025-09-26,170.4
2025-09-27,170.8
2025-09-28,171.8
2025-09-29,171.0
2025-09-30,170.0
2025-10-06,172.8
2025-10-07,170.6
2025-10-08,170.4
2025-10-09,169.4
2025-10-10,169.8
2025-10-15,171.6
2025-10-16,169.0
2025-10-17,169.6
2025-10-18,171.0
2025-10-20,173.8
2025-10-21,172.4
2025-10-22,171.4
2025-10-24,171.8
2025-10-27,176.6
2025-10-28,174.0
2025-10-29,174.0
2025-10-31,172.4
2025-11-03,176.2
2025-11-04,175.8
2025-11-05,173.8
2025-11-06,173.8
2025-11-12,178.0
2025-11-13,175.0
2025-11-14,175.0
2025-11-15,176.6
2025-11-17,176.4
2025-11-18,174.8
2025-11-19,174.4
2025-11-20,175.4
2025-11-21,175.0
2025-12-02,176.2
2025-12-05,176.6
2025-12-09,177.2
2025-12-10,175.8
2025-12-11,175.2
2025-12-12,176.2
2025-12-15,178.0
2025-12-16,177.2
2025-12-17,178.4
2025-12-18,177.0
2025-12-19,176.2
2025-12-20,176.4
2026-01-16,176.4
2026-01-30,179.2
2026-02-02,178.4
2026-02-03,178.2
2026-02-04,177.2
2026-02-05,176.8
2026-02-06,177.2
2026-02-07,176.2
2026-02-08,177.0
2026-02-09,179.4
2026-02-10,178.0
2026-02-11,177.0
2026-02-12,176.8
2026-02-23,176.6
2026-02-24,175.6
2026-02-25,176.2
2026-02-26,175.2
2026-02-27,176.0
2026-03-01,175.4
2026-03-02,175.8
2026-03-03,175.6
2026-03-04,175.8
2026-03-05,174.8
2026-03-06,175.6
2026-03-09,176.0
2026-03-10,175.2
2026-03-11,175.0
2026-03-17,174.8
2026-03-18,174.8
2026-03-19,174.6
2026-03-22,174.2
2026-03-23,173.8
2026-03-24,173.0
2026-03-25,172.8
2026-03-26,173.8
2026-03-27,173.8
2026-03-28,172.2
2026-03-29,174.0
2026-03-30,172.4
2026-03-31,174.0
2026-04-01,172.4
2026-04-02,171.8
2026-04-03,171.6
2026-04-05,172.4
2026-04-06,172.6
2026-04-07,170.0
2026-04-08,169.8
2026-04-09,169.0
2026-04-10,170.0
2026-04-13,169.6
2026-04-14,169.0
2026-04-15,168.4
2026-04-16,166.8
2026-04-17,167.8
2026-04-18,167.2
2026-04-21,169.2
2026-04-22,166.0
2026-04-23,165.6
2026-04-28,166.8
2026-04-29,167.2
2026-04-30,164.8
2026-05-01,165.0
2026-05-04,166.8
2026-05-05,165.6
2026-05-06,165.2
2026-05-07,164.4
2026-05-12,165.0
2026-05-13,165.4
2026-05-14,163.4
